{
  "rqUID": {
    "rqUID": "3fa85f64-5717-4562-b3fc-2c963f66afa6"
  },
  "status": {
    "statusCode": 0,
    "statusDesc": "string",
    "supportUID": "3fa85f64-5717-4562-b3fc-2c963f66afa6",
    "supportDescription": "string",
    "errorCount": 0,
    "warningCount": 0,
    "errors": [
      {
        "source": "string",
        "errNum": "string",
        "errDesc": "string",
        "errDtl": "string",
        "errField": "string",
        "errType": "s",
        "errTagName": "string",
        "hostErrCode": "string",
        "useCode": "st",
        "supportUID": "3fa85f64-5717-4562-b3fc-2c963f66afa6",
        "rows": [
          0
        ]
      }
    ],
    "warnings": [
      {
        "source": "string",
        "errNum": "string",
        "errDesc": "string",
        "errDtl": "string",
        "errField": "string",
        "errType": "s",
        "errTagName": "string",
        "hostErrCode": "string",
        "useCode": "st",
        "supportUID": "3fa85f64-5717-4562-b3fc-2c963f66afa6",
        "rows": [
          0
        ]
      }
    ]
  },
  "recCtrlOut": {
    "matchedRec": 0,
    "sentRec": 0,
    "cursor": "string"
  },
  "cardAcctId": {
    "acctId": "string",
    "acctIdMasked": "",
    "acctType": "string"
  },
  "custId": {
    "custPermId": "string",
    "custPermIdMasked": "string"
  },
  "acctSumms": [
    {
      "acctBasic": {
        "bankAcctId": {
          "acctType": "string",
          "acctId": "string",
          "acctIdMasked": ""
        },
        "cardAcctId": {
          "acctId": "string",
          "acctIdMasked": "",
          "acctType": "string"
        },
        "aliasBankAcctId": {
          "aliasAcctType": "string",
          "aliasAcctId": "string",
          "aliasAcctIdMasked": "string"
        },
        "secondaryAliasBankAcctId": {
          "aliasAcctType": "string",
          "aliasAcctId": "string",
          "aliasAcctIdMasked": "string"
        },
        "prodId": "strin",
        "extProdType": "str",
        "branchId": "strin",
        "openDt": "2023-08-08",
        "matDt": "2023-08-08",
        "isaType": "s",
        "isaTransfer": true,
        "isaFixedRate": true,
        "interestRate": 0,
        "authorisedODInterestRate": 0,
        "unauthorisedODInterestRate": 0
      },
      "relationCode": "string",
      "memoSumm": {
        "memoFlag": true,
        "rqMemoFlag": true,
        "ticklerFlag": true,
        "rqTicklerFlag": true
      },
      "acctBals": [
        {
          "balType": "st",
          "curAmt": {
            "amt": 0,
            "curCode": "string",
            "amtLCYE": 0,
            "rate": 0
          }
        }
      ],
      "acctStatCode": "Open",
      "acctStatCodeDtl": "Purge",
      "nickname": "string",
      "pmtXferFromSupt": true,
      "xferToSupt": true,
      "acctTitle": "string",
      "lastTrnDt": "2023-08-08",
      "acctLink": {
        "bankAcctId": {
          "acctType": "string",
          "acctId": "string",
          "acctIdMasked": ""
        }
      },
      "overdraftLimitAmt": {
        "amt": 0
      },
      "pmtSchedPeriodCode": "string",
      "pmtSchedFreq": 0,
      "pmtSchedTypeCode": "string",
      "pmtSchedPct": 0,
      "pmtSchedAmt": {
        "amt": 0
      },
      "pmtAmt": {
        "amt": 0
      },
      "pastDueFlag": true,
      "thirdPartyAllowedFlag": true,
      "tolAmount": {
        "amt": 0
      },
      "lastATMWithdrawalDt": "2023-08-08",
      "lastATMWithdrawalTm": {
        "hour": 0,
        "minute": 0,
        "second": 0,
        "fraction": 0,
        "utcOffset": "2023-12-07T03:36:28.344Z"
      },
      "lastATMWithdrawalAmt": {
        "amt": 0
      },
      "accountRecoveriesStatus": true,
      "isaSubsForPeriodAmt": {
        "amt": 0
      },
      "isaUnusedLimitAmt": {
        "amt": 0
      },
      "isaDepsAllowedUntilDt": "2023-08-08",
      "tolExpiryDt": "2023-08-08",
      "jointAcctFlag": true,
      "payOverStatus": "s",
      "paymentsPendingTodayAmt": {
        "amt": 0
      },
      "avoidChargesAmt": {
        "amt": 0
      },
      "cardBIN": "string"
    },
    {
      "acctBasic": {
        "bankAcctId": {
          "acctType": "string",
          "acctId": "string",
          "acctIdMasked": ""
        },
        "cardAcctId": {
          "acctId": "string",
          "acctIdMasked": "",
          "acctType": "string"
        },
        "aliasBankAcctId": {
          "aliasAcctType": "string",
          "aliasAcctId": "string",
          "aliasAcctIdMasked": "string"
        },
        "secondaryAliasBankAcctId": {
          "aliasAcctType": "string",
          "aliasAcctId": "string",
          "aliasAcctIdMasked": "string"
        },
        "prodId": "strin",
        "extProdType": "str",
        "branchId": "strin",
        "openDt": "2023-08-08",
        "matDt": "2023-08-08",
        "isaType": "s",
        "isaTransfer": true,
        "isaFixedRate": true,
        "interestRate": 0,
        "authorisedODInterestRate": 0,
        "unauthorisedODInterestRate": 0
      },
      "relationCode": "string",
      "memoSumm": {
        "memoFlag": true,
        "rqMemoFlag": true,
        "ticklerFlag": true,
        "rqTicklerFlag": true
      },
      "acctBals": [
        {
          "balType": "st",
          "curAmt": {
            "amt": 0,
            "curCode": "string",
            "amtLCYE": 0,
            "rate": 0
          }
        }
      ],
      "acctStatCode": "Open",
      "acctStatCodeDtl": "Purge",
      "nickname": "string",
      "pmtXferFromSupt": true,
      "xferToSupt": true,
      "acctTitle": "string",
      "lastTrnDt": "2023-08-08",
      "acctLink": {
        "bankAcctId": {
          "acctType": "string",
          "acctId": "string",
          "acctIdMasked": ""
        }
      },
      "overdraftLimitAmt": {
        "amt": 0
      },
      "pmtSchedPeriodCode": "string",
      "pmtSchedFreq": 0,
      "pmtSchedTypeCode": "string",
      "pmtSchedPct": 0,
      "pmtSchedAmt": {
        "amt": 0
      },
      "pmtAmt": {
        "amt": 0
      },
      "pastDueFlag": true,
      "thirdPartyAllowedFlag": true,
      "tolAmount": {
        "amt": 0
      },
      "lastATMWithdrawalDt": "2023-08-08",
      "lastATMWithdrawalTm": {
        "hour": 0,
        "minute": 0,
        "second": 0,
        "fraction": 0,
        "utcOffset": "2023-12-07T03:36:28.344Z"
      },
      "lastATMWithdrawalAmt": {
        "amt": 0
      },
      "accountRecoveriesStatus": true,
      "isaSubsForPeriodAmt": {
        "amt": 0
      },
      "isaUnusedLimitAmt": {
        "amt": 0
      },
      "isaDepsAllowedUntilDt": "2023-08-08",
      "tolExpiryDt": "2023-08-08",
      "jointAcctFlag": true,
      "payOverStatus": "s",
      "paymentsPendingTodayAmt": {
        "amt": 0
      },
      "avoidChargesAmt": {
        "amt": 0
      },
      "cardBIN": "string"
    }
  ]
}