<ruleset name="SpringRuleSet" description="All compatible rules for Spring">
    <rule ref="category/java/bestpractices.xml/AvoidUsingHardCodedIP"/>
    <rule ref="category/java/bestpractices.xml/ArrayIsStoredDirectly"/>
    <rule ref="category/java/bestpractices.xml/AvoidPrintStackTrace"/>
    <rule ref="category/java/bestpractices.xml/AvoidReassigningParameters"/>
    <rule ref="category/java/bestpractices.xml/AvoidUsingHardCodedIP"/>
    <rule ref="category/java/bestpractices.xml/CheckResultSet"/>
    <rule ref="category/java/bestpractices.xml/DefaultLabelNotLastInSwitchStmt"/>
    <rule ref="category/java/bestpractices.xml/ForLoopCanBeForeach"/>
    <rule ref="category/java/bestpractices.xml/LooseCoupling"/>
    <rule ref="category/java/bestpractices.xml/OneDeclarationPerLine"/>
    <rule ref="category/java/bestpractices.xml/PositionLiteralsFirstInCaseInsensitiveComparisons"/>
    <rule ref="category/java/bestpractices.xml/PositionLiteralsFirstInComparisons"/>
    <rule ref="category/java/bestpractices.xml/PreserveStackTrace"/>
    <rule ref="category/java/bestpractices.xml/SwitchStmtsShouldHaveDefault"/>
    <rule ref="category/java/bestpractices.xml/SystemPrintln"/>
    <rule ref="category/java/bestpractices.xml/UnusedImports"/>
    <rule ref="category/java/bestpractices.xml/UnusedFormalParameter"/>
    <rule ref="category/java/bestpractices.xml/UnusedLocalVariable"/>
    <rule ref="category/java/bestpractices.xml/UnusedPrivateField"/>
    <rule ref="category/java/bestpractices.xml/UnusedPrivateMethod"/>
    <rule ref="category/java/bestpractices.xml/UseCollectionIsEmpty"/>
    <rule ref="category/java/bestpractices.xml/UseVarargs"/>

    <rule ref="category/java/codestyle.xml/AvoidUsingNativeCode"/>
    <rule ref="category/java/codestyle.xml/ClassNamingConventions"/>
    <rule ref="category/java/codestyle.xml/DontImportJavaLang"/>
    <rule ref="category/java/codestyle.xml/DuplicateImports"/>
    <rule ref="category/java/codestyle.xml/ExtendsObject"/>
    <rule ref="category/java/codestyle.xml/FieldDeclarationsShouldBeAtStartOfClass"/>
    <rule ref="category/java/codestyle.xml/ForLoopShouldBeWhileLoop"/>
    <rule ref="category/java/codestyle.xml/GenericsNaming"/>
    <rule ref="category/java/design.xml/CollapsibleIfStatements"/>
    <rule ref="category/java/design.xml/SimplifiedTernary"/>
    <rule ref="category/java/design.xml/UselessOverridingMethod"/>
    <rule ref="category/java/design.xml/GodClass"/>
    <rule ref="category/java/design.xml/LogicInversion"/>
    <rule ref="category/java/design.xml/SingularField"/>

    <rule ref="category/java/errorprone.xml/AssignmentInOperand"/>
    <rule ref="category/java/errorprone.xml/AssignmentToNonFinalStatic"/>
    <rule ref="category/java/errorprone.xml/AvoidBranchingStatementAsLastInLoop"/>
    <rule ref="category/java/errorprone.xml/AvoidDecimalLiteralsInBigDecimalConstructor"/>
    <rule ref="category/java/errorprone.xml/AvoidFieldNameMatchingMethodName"/>
    <rule ref="category/java/errorprone.xml/AvoidFieldNameMatchingTypeName"/>
    <rule ref="category/java/errorprone.xml/AvoidMultipleUnaryOperators"/>
    <rule ref="category/java/errorprone.xml/AvoidUsingOctalValues"/>
    <rule ref="category/java/errorprone.xml/BrokenNullCheck"/>
    <rule ref="category/java/errorprone.xml/CheckSkipResult"/>
    <rule ref="category/java/errorprone.xml/ClassCastExceptionWithToArray"/>
    <rule ref="category/java/errorprone.xml/DontUseFloatTypeForLoopIndices"/>
    <rule ref="category/java/errorprone.xml/EmptyCatchBlock"/>
    <rule ref="category/java/errorprone.xml/EmptyFinallyBlock"/>
    <rule ref="category/java/errorprone.xml/EqualsNull"/>
    <rule ref="category/java/errorprone.xml/EmptyIfStmt"/>
    <rule ref="category/java/errorprone.xml/EmptyInitializer"/>
    <rule ref="category/java/errorprone.xml/EmptyStatementBlock"/>
    <rule ref="category/java/errorprone.xml/EmptyStatementNotInLoop"/>
    <rule ref="category/java/errorprone.xml/EmptySwitchStatements"/>
    <rule ref="category/java/errorprone.xml/EmptySynchronizedBlock"/>
    <rule ref="category/java/errorprone.xml/EmptyTryBlock"/>
    <rule ref="category/java/errorprone.xml/EmptyWhileStmt"/>
    <rule ref="category/java/errorprone.xml/JumbledIncrementer"/>
    <rule ref="category/java/errorprone.xml/ImportFromSamePackage"/>
    <rule ref="category/java/errorprone.xml/JumbledIncrementer"/>
    <rule ref="category/java/errorprone.xml/MisplacedNullCheck"/>
    <rule ref="category/java/errorprone.xml/MoreThanOneLogger"/>
    <rule ref="category/java/errorprone.xml/ProperLogger"/>
    <rule ref="category/java/errorprone.xml/OverrideBothEqualsAndHashcode"/>
    <rule ref="category/java/errorprone.xml/ReturnFromFinallyBlock"/>
    <rule ref="category/java/errorprone.xml/UnconditionalIfStatement"/>
    <rule ref="category/java/errorprone.xml/UnnecessaryConversionTemporary"/>
    <rule ref="category/java/errorprone.xml/UnusedNullCheckInEquals"/>
    <rule ref="category/java/errorprone.xml/UselessOperationOnImmutable"/>
    <rule ref="category/java/errorprone.xml/ReturnEmptyArrayRatherThanNull"/>
    <rule ref="category/java/errorprone.xml/UseCorrectExceptionLogging"/>
    <rule ref="category/java/errorprone.xml/UseEqualsToCompareStrings"/>
    <rule ref="category/java/errorprone.xml/UselessOperationOnImmutable"/>

    <rule ref="category/java/multithreading.xml/AvoidThreadGroup"/>
    <rule ref="category/java/multithreading.xml/DontCallThreadRun"/>
    <rule ref="category/java/multithreading.xml/DoubleCheckedLocking"/>
    <rule ref="category/java/multithreading.xml/UseConcurrentHashMap"/>

    <rule ref="category/java/performance.xml/BigIntegerInstantiation"/>
    <rule ref="category/java/performance.xml/BooleanInstantiation"/>
</ruleset>
