<settings xmlns="http://maven.apache.org/SETTINGS/1.0.0"
          xmlns:xsi="http://www.w3.org/2001/XMLSchema-instance"
          xsi:schemaLocation="http://maven.apache.org/SETTINGS/1.0.0
                              https://maven.apache.org/xsd/settings-1.0.0.xsd">
    <servers>
        <server>
            <id>jfrog-repo</id>
            <username>${jfrog_user}</username>
            <password>${jfrog_password}</password>
        </server>
    </servers>

    <mirrors>
        <mirror>
            <id>central-repo</id>
            <url>https://repo1.maven.org/maven2/</url>
            <mirrorOf>central</mirrorOf>
        </mirror>
    </mirrors>
</settings>
