<FindBugsFilter>
    <Match>
        <Package name="~.*\.*dto"/>
        <Bug pattern="EI_EXPOSE_REP2"/>
    </Match>
    <Match>
        <Package name="~.*\.*model"/>
        <Bug pattern="EI_EXPOSE_REP"/>
    </Match>
    <Match>
        <Package name="~.*\.*model*"/>
        <Bug pattern="EI_EXPOSE_REP2"/>
    </Match>
    <Match>
        <Package name="~.*\.*dto"/>
        <Bug pattern="EI_EXPOSE_REP"/>
    </Match>
    <Match>
        <Class name="ph.com.bdo.config.feign.FeignErrorDecoder"/>
        <Bug pattern="DM_DEFAULT_ENCODING"/>
    </Match>
    <Match>
        <Class name="ph.com.bdo.config.feign.CustomGzipResponseDecoder"/>
        <Bug pattern="DM_DEFAULT_ENCODING"/>
    </Match>
</FindBugsFilter>
